n,label,trig,period_us,peak0,t_onset0_ms,t_peak0_ms,t_tail0_ms,peak1,t_onset1_ms,t_peak1_ms,t_tail1_ms,file
1,aro,1,125.0,345,0.12,0.38,37.5,132,-0.5,1.12,25.38,001_aro.csv
2,aro,1,125.0,1017,0.5,0.75,21.5,203,-0.12,1.5,25.88,002_aro.csv
3,aro,1,125.0,1210,0.38,0.62,27.25,221,-0.75,0.25,26.88,003_aro.csv
4,aro,1,125.0,1671,0.5,0.62,27.12,426,-0.12,0.38,17.38,004_aro.csv
5,aro,1,125.0,1266,0.62,0.75,16.12,267,-0.12,0.5,35.12,005_aro.csv
6,aro,1,125.0,1063,0.12,0.38,37.88,225,-1.0,0.0,40.12,006_aro.csv
7,aro,1,125.0,814,0.5,0.62,32.62,199,-0.25,1.5,32.5,007_aro.csv
8,aro,0,125.0,470,-0.12,0.0,40.75,132,-0.75,8.5,38.38,008_aro.csv
9,aro,1,125.0,550,0.12,0.25,33.38,136,-0.5,-0.12,33.38,009_aro.csv
10,aro,1,125.0,484,0.38,0.62,41.5,124,-0.75,1.38,35.12,010_aro.csv
11,pele-borda,0,125.0,517,-0.25,1.25,27.88,13,,-1.38,,011_pele-borda.csv
12,pele-borda,0,125.0,838,-0.12,6.25,17.75,97,-2.38,3.38,16.88,012_pele-borda.csv
13,pele-borda,0,125.0,760,-0.12,6.38,16.5,40,-0.12,0.38,20.0,013_pele-borda.csv
14,pele-borda,1,125.0,683,1.5,4.0,24.5,178,-0.25,0.0,23.88,014_pele-borda.csv
15,pele-borda,0,125.0,217,-0.38,0.75,32.25,41,-2.75,-1.5,-1.25,015_pele-borda.csv
16,pele-borda,0,125.0,492,-0.12,1.75,13.5,59,1.25,1.88,3.38,016_pele-borda.csv
17,pele-borda,0,125.0,645,-0.25,1.62,17.88,12,,11.5,,017_pele-borda.csv
18,pele-borda,0,125.0,421,-0.25,1.38,53.38,21,37.25,37.25,37.25,018_pele-borda.csv
19,pele-borda,0,125.0,518,-0.12,6.38,22.62,60,2.5,3.25,4.25,019_pele-borda.csv
20,pele-borda,0,125.0,287,-0.5,0.62,31.88,27,-1.25,-0.62,-0.38,020_pele-borda.csv
21,rimshot,1,125.0,3431,0.0,2.88,27.5,978,-0.12,0.25,31.5,021_rimshot.csv
22,rimshot,0,125.0,3293,0.75,1.62,27.5,2023,0.12,1.0,19.75,022_rimshot.csv
23,rimshot,0,125.0,109,-0.88,0.12,2.38,0,,-10.0,,023_rimshot.csv
24,rimshot,1,125.0,4095,0.75,1.62,56.75,694,-0.12,47.25,64.5,024_rimshot.csv
25,rimshot,0,125.0,4094,0.5,1.12,33.5,1816,0.5,0.88,33.38,025_rimshot.csv
26,rimshot,0,125.0,4095,0.0,0.75,73.5,612,63.62,64.12,81.12,026_rimshot.csv
27,rimshot,0,125.0,4094,0.0,0.88,52.25,73,-4.0,-2.38,51.75,027_rimshot.csv
28,rimshot,0,125.0,4095,0.0,0.62,37.75,569,-2.0,35.0,43.5,028_rimshot.csv
29,rimshot,1,125.0,4095,3.0,3.88,20.62,680,-0.12,5.38,12.0,029_rimshot.csv
30,rimshot,1,125.0,3431,1.25,3.75,27.38,1431,0.0,4.62,16.62,030_rimshot.csv
31,centro-forte,1,125.0,4095,3.12,3.5,22.5,309,-0.38,1.25,16.25,031_centro-forte.csv
32,centro-forte,1,125.0,4095,3.25,3.75,74.62,359,-0.12,1.25,53.62,032_centro-forte.csv
33,centro-forte,1,125.0,4095,3.0,3.38,67.5,437,-0.38,1.0,49.88,033_centro-forte.csv
34,centro-forte,1,125.0,4094,3.12,3.5,34.75,473,-0.25,1.12,25.62,034_centro-forte.csv
35,centro-forte,1,125.0,4095,3.12,3.38,34.75,437,-0.25,1.25,25.75,035_centro-forte.csv
36,centro-forte,1,125.0,4095,3.0,3.38,34.38,487,-0.25,1.12,25.75,036_centro-forte.csv
37,centro-forte,1,125.0,4095,3.12,3.5,87.0,370,-0.12,2.12,25.88,037_centro-forte.csv
38,centro-forte,1,125.0,4094,3.0,3.38,39.5,532,-0.12,2.12,25.38,038_centro-forte.csv
39,centro-forte,1,125.0,4095,3.12,3.62,39.38,492,-0.12,2.25,25.75,039_centro-forte.csv
40,centro-forte,1,125.0,4095,3.12,3.5,39.12,532,-0.12,1.25,25.62,040_centro-forte.csv
